{"last_tab":"","logo-text":"Sixth","logo-upload":{"url":"http:\/\/localhost\/phpclass\/wp-content\/themes\/sixth_html\/images\/e-2.gif","id":"","height":"","width":"","thumbnail":"","title":"","caption":"","alt":"","description":""},"fav-upload":{"url":"http:\/\/localhost\/phpclass\/wp-content\/themes\/sixth_html\/images\/e-2.gif","id":"","height":"","width":"","thumbnail":"","title":"","caption":"","alt":"","description":""},"search-opt":"1","wp-bg":{"background-color":"#ff00ff","background-repeat":"no-repeat","background-size":"cover","background-attachment":"fixed","background-position":"center center","background-image":"http:\/\/localhost\/phpclass\/wp-content\/themes\/sixth_html\/images\/pattern\/retina_wood.png","media":{"id":"","height":"","width":"","thumbnail":""}},"wp-border":{"border-top":"2px","border-right":"2px","border-bottom":"2px","border-left":"2px","border-style":"solid","border-color":"#ff00ff"},"copy-text":"& copy All Rights Reserved By M.I.Saad","policy-text":"Privacy Policy Terms of Service CopyRight Policy","icon-show-hide-switch":"1","footer-color":"#4d4d4d","subfooter-color":"#4d4d4d","extra-css":"","extra-date":"","extra-dimensions":{"width":"300px","height":"300px","units":"px"},"extra-gallery":"198,196,197,195,194","extra-multitext":["cwc","wwrv","eqfwed"],"extra-typography":{"font-family":"Sura","font-options":"","google":"true","font-weight":"","font-style":"","subsets":"","text-align":"justify","font-size":"30px","line-height":"35px","color":"#81d742"},"social-text":{"facebook":"","twitter":"","skype":"","line":"","instagram":"","flickr":"","dribble":"","youtube":"","google+":""},"redux-backup":"1"}